current_date,sale_id,product_id,product_name,price
2026-07-28,1,P005,Mobile Phone Case,15
2026-07-28,2,P001,Wireless Headphones,100
2026-07-28,3,P001,Wireless Headphones,100
2026-07-28,4,P006,Wireless Mouse,30
2026-07-28,5,P006,Wireless Mouse,30
2026-07-28,6,P003,Bluetooth Speaker,50
2026-07-28,7,P004,USB Flash Drive,20
2026-07-28,8,P007,Laptop Stand,40
2026-07-28,9,P005,Mobile Phone Case,15
2026-07-28,10,P006,Wireless Mouse,30
2026-07-28,11,P004,USB Flash Drive,20
2026-07-28,12,P006,Wireless Mouse,30
2026-07-28,13,P007,Laptop Stand,40
2026-07-28,14,P004,USB Flash Drive,20
2026-07-28,15,P005,Mobile Phone Case,15
2026-07-28,16,P010,External Hard Drive,100
2026-07-28,17,P010,External Hard Drive,100
2026-07-28,18,P004,USB Flash Drive,20
2026-07-28,19,P009,Smartphone,600
2026-07-28,20,P001,Wireless Headphones,100
2026-07-28,21,P008,HDMI Cable,15
2026-07-28,22,P007,Laptop Stand,40
2026-07-28,23,P007,Laptop Stand,40
2026-07-28,24,P003,Bluetooth Speaker,50
2026-07-28,25,P007,Laptop Stand,40
2026-07-28,26,P003,Bluetooth Speaker,50
2026-07-28,27,P002,Laptop Backpack,60
2026-07-28,28,P001,Wireless Headphones,100
2026-07-28,29,P004,USB Flash Drive,20
2026-07-28,30,P006,Wireless Mouse,30
2026-07-28,31,P002,Laptop Backpack,60
2026-07-28,32,P003,Bluetooth Speaker,50
2026-07-28,33,P008,HDMI Cable,15
2026-07-28,34,P004,USB Flash Drive,20
2026-07-28,35,P009,Smartphone,600
2026-07-28,36,P001,Wireless Headphones,100
2026-07-28,37,P003,Bluetooth Speaker,50
2026-07-28,38,P006,Wireless Mouse,30
2026-07-28,39,P008,HDMI Cable,15
2026-07-28,40,P004,USB Flash Drive,20
2026-07-28,41,P009,Smartphone,600
2026-07-28,42,P008,HDMI Cable,15
2026-07-28,43,P006,Wireless Mouse,30
2026-07-28,44,P005,Mobile Phone Case,15
2026-07-28,45,P005,Mobile Phone Case,15
2026-07-28,46,P001,Wireless Headphones,100
2026-07-28,47,P002,Laptop Backpack,60
2026-07-28,48,P005,Mobile Phone Case,15
2026-07-28,49,P002,Laptop Backpack,60
2026-07-28,50,P009,Smartphone,600
2026-07-28,51,P002,Laptop Backpack,60
2026-07-28,52,P001,Wireless Headphones,100
2026-07-28,53,P006,Wireless Mouse,30
2026-07-28,54,P008,HDMI Cable,15
2026-07-28,55,P006,Wireless Mouse,30
2026-07-28,56,P010,External Hard Drive,100
2026-07-28,57,P002,Laptop Backpack,60
2026-07-28,58,P008,HDMI Cable,15
2026-07-28,59,P002,Laptop Backpack,60
2026-07-28,60,P001,Wireless Headphones,100
2026-07-28,61,P008,HDMI Cable,15
2026-07-28,62,P008,HDMI Cable,15
2026-07-28,63,P006,Wireless Mouse,30
2026-07-28,64,P006,Wireless Mouse,30
2026-07-28,65,P002,Laptop Backpack,60
2026-07-28,66,P004,USB Flash Drive,20
2026-07-28,67,P005,Mobile Phone Case,15
2026-07-28,68,P001,Wireless Headphones,100
2026-07-28,69,P010,External Hard Drive,100
2026-07-28,70,P001,Wireless Headphones,100
2026-07-28,71,P003,Bluetooth Speaker,50
2026-07-28,72,P001,Wireless Headphones,100
2026-07-28,73,P003,Bluetooth Speaker,50
2026-07-28,74,P010,External Hard Drive,100
2026-07-28,75,P008,HDMI Cable,15
2026-07-28,76,P004,USB Flash Drive,20
2026-07-28,77,P006,Wireless Mouse,30
2026-07-28,78,P005,Mobile Phone Case,15
2026-07-28,79,P001,Wireless Headphones,100
2026-07-28,80,P009,Smartphone,600
2026-07-28,81,P009,Smartphone,600
2026-07-28,82,P010,External Hard Drive,100
2026-07-28,83,P008,HDMI Cable,15
2026-07-28,84,P006,Wireless Mouse,30
2026-07-28,85,P004,USB Flash Drive,20
2026-07-28,86,P002,Laptop Backpack,60
2026-07-28,87,P001,Wireless Headphones,100
2026-07-28,88,P003,Bluetooth Speaker,50
2026-07-28,89,P003,Bluetooth Speaker,50
2026-07-28,90,P001,Wireless Headphones,100
2026-07-28,91,P004,USB Flash Drive,20
2026-07-28,92,P005,Mobile Phone Case,15
2026-07-28,93,P010,External Hard Drive,100
2026-07-28,94,P001,Wireless Headphones,100
2026-07-28,95,P006,Wireless Mouse,30
2026-07-28,96,P006,Wireless Mouse,30
2026-07-28,97,P002,Laptop Backpack,60
2026-07-28,98,P002,Laptop Backpack,60
2026-07-28,99,P010,External Hard Drive,100
2026-07-28,100,P004,USB Flash Drive,20
2026-07-28,101,P005,Mobile Phone Case,15
2026-07-28,102,P010,External Hard Drive,100
2026-07-28,103,P001,Wireless Headphones,100
2026-07-28,104,P008,HDMI Cable,15
2026-07-28,105,P003,Bluetooth Speaker,50
2026-07-28,106,P008,HDMI Cable,15
2026-07-28,107,P001,Wireless Headphones,100
2026-07-28,108,P001,Wireless Headphones,100
2026-07-28,109,P004,USB Flash Drive,20
2026-07-28,110,P001,Wireless Headphones,100
2026-07-28,111,P003,Bluetooth Speaker,50
2026-07-28,112,P004,USB Flash Drive,20
2026-07-28,113,P004,USB Flash Drive,20
2026-07-28,114,P003,Bluetooth Speaker,50
2026-07-28,115,P003,Bluetooth Speaker,50
2026-07-28,116,P004,USB Flash Drive,20
2026-07-28,117,P008,HDMI Cable,15
2026-07-28,118,P008,HDMI Cable,15
2026-07-28,119,P009,Smartphone,600
2026-07-28,120,P001,Wireless Headphones,100
2026-07-28,121,P006,Wireless Mouse,30
2026-07-28,122,P001,Wireless Headphones,100
2026-07-28,123,P009,Smartphone,600
2026-07-28,124,P008,HDMI Cable,15
2026-07-28,125,P010,External Hard Drive,100
2026-07-28,126,P001,Wireless Headphones,100
2026-07-28,127,P007,Laptop Stand,40
2026-07-28,128,P001,Wireless Headphones,100
2026-07-28,129,P002,Laptop Backpack,60
2026-07-28,130,P009,Smartphone,600
2026-07-28,131,P007,Laptop Stand,40
2026-07-28,132,P003,Bluetooth Speaker,50
2026-07-28,133,P001,Wireless Headphones,100
2026-07-28,134,P005,Mobile Phone Case,15
2026-07-28,135,P006,Wireless Mouse,30
2026-07-28,136,P006,Wireless Mouse,30
2026-07-28,137,P003,Bluetooth Speaker,50
2026-07-28,138,P006,Wireless Mouse,30
2026-07-28,139,P002,Laptop Backpack,60
2026-07-28,140,P001,Wireless Headphones,100
2026-07-28,141,P010,External Hard Drive,100
2026-07-28,142,P010,External Hard Drive,100
2026-07-28,143,P003,Bluetooth Speaker,50
2026-07-28,144,P003,Bluetooth Speaker,50
2026-07-28,145,P010,External Hard Drive,100
2026-07-28,146,P001,Wireless Headphones,100
2026-07-28,147,P004,USB Flash Drive,20
2026-07-28,148,P002,Laptop Backpack,60
2026-07-28,149,P008,HDMI Cable,15
2026-07-28,150,P001,Wireless Headphones,100
2026-07-28,151,P001,Wireless Headphones,100
2026-07-28,152,P001,Wireless Headphones,100
2026-07-28,153,P003,Bluetooth Speaker,50
2026-07-28,154,P001,Wireless Headphones,100
2026-07-28,155,P006,Wireless Mouse,30
2026-07-28,156,P010,External Hard Drive,100
2026-07-28,157,P008,HDMI Cable,15
2026-07-28,158,P002,Laptop Backpack,60
2026-07-28,159,P008,HDMI Cable,15
2026-07-28,160,P003,Bluetooth Speaker,50
2026-07-28,161,P008,HDMI Cable,15
2026-07-28,162,P005,Mobile Phone Case,15
2026-07-28,163,P004,USB Flash Drive,20
2026-07-28,164,P003,Bluetooth Speaker,50
2026-07-28,165,P005,Mobile Phone Case,15
2026-07-28,166,P007,Laptop Stand,40
2026-07-28,167,P010,External Hard Drive,100
2026-07-28,168,P004,USB Flash Drive,20
2026-07-28,169,P006,Wireless Mouse,30
2026-07-28,170,P008,HDMI Cable,15
2026-07-28,171,P006,Wireless Mouse,30
2026-07-28,172,P005,Mobile Phone Case,15
2026-07-28,173,P009,Smartphone,600
2026-07-28,174,P007,Laptop Stand,40
2026-07-28,175,P001,Wireless Headphones,100
2026-07-28,176,P008,HDMI Cable,15
2026-07-28,177,P009,Smartphone,600
2026-07-28,178,P001,Wireless Headphones,100
2026-07-28,179,P001,Wireless Headphones,100
2026-07-28,180,P003,Bluetooth Speaker,50
2026-07-28,181,P006,Wireless Mouse,30
2026-07-28,182,P006,Wireless Mouse,30
2026-07-28,183,P001,Wireless Headphones,100
2026-07-28,184,P004,USB Flash Drive,20
2026-07-28,185,P008,HDMI Cable,15
2026-07-28,186,P001,Wireless Headphones,100
2026-07-28,187,P007,Laptop Stand,40
2026-07-28,188,P004,USB Flash Drive,20
2026-07-28,189,P001,Wireless Headphones,100
2026-07-28,190,P001,Wireless Headphones,100
2026-07-28,191,P006,Wireless Mouse,30
2026-07-28,192,P009,Smartphone,600
2026-07-28,193,P004,USB Flash Drive,20
2026-07-28,194,P004,USB Flash Drive,20
2026-07-28,195,P008,HDMI Cable,15
2026-07-28,196,P002,Laptop Backpack,60
2026-07-28,197,P006,Wireless Mouse,30
2026-07-28,198,P008,HDMI Cable,15
2026-07-28,199,P006,Wireless Mouse,30
2026-07-28,200,P003,Bluetooth Speaker,50
2026-07-28,201,P001,Wireless Headphones,100
2026-07-28,202,P004,USB Flash Drive,20
2026-07-28,203,P004,USB Flash Drive,20
2026-07-28,204,P002,Laptop Backpack,60
2026-07-28,205,P006,Wireless Mouse,30
2026-07-28,206,P004,USB Flash Drive,20
2026-07-28,207,P001,Wireless Headphones,100
2026-07-28,208,P005,Mobile Phone Case,15
2026-07-28,209,P002,Laptop Backpack,60
2026-07-28,210,P006,Wireless Mouse,30
2026-07-28,211,P003,Bluetooth Speaker,50
2026-07-28,212,P001,Wireless Headphones,100
2026-07-28,213,P003,Bluetooth Speaker,50
2026-07-28,214,P003,Bluetooth Speaker,50
2026-07-28,215,P009,Smartphone,600
2026-07-28,216,P008,HDMI Cable,15
2026-07-28,217,P010,External Hard Drive,100
2026-07-28,218,P006,Wireless Mouse,30
2026-07-28,219,P005,Mobile Phone Case,15
2026-07-28,220,P010,External Hard Drive,100
2026-07-28,221,P002,Laptop Backpack,60
2026-07-28,222,P005,Mobile Phone Case,15
2026-07-28,223,P010,External Hard Drive,100
2026-07-28,224,P004,USB Flash Drive,20
2026-07-28,225,P002,Laptop Backpack,60
2026-07-28,226,P007,Laptop Stand,40
2026-07-28,227,P010,External Hard Drive,100
2026-07-28,228,P009,Smartphone,600
2026-07-28,229,P009,Smartphone,600
2026-07-28,230,P004,USB Flash Drive,20
2026-07-28,231,P008,HDMI Cable,15
2026-07-28,232,P004,USB Flash Drive,20
2026-07-28,233,P005,Mobile Phone Case,15
2026-07-28,234,P001,Wireless Headphones,100
2026-07-28,235,P007,Laptop Stand,40
2026-07-28,236,P006,Wireless Mouse,30
2026-07-28,237,P001,Wireless Headphones,100
2026-07-28,238,P001,Wireless Headphones,100
2026-07-28,239,P006,Wireless Mouse,30
2026-07-28,240,P003,Bluetooth Speaker,50
2026-07-28,241,P005,Mobile Phone Case,15
2026-07-28,242,P003,Bluetooth Speaker,50
2026-07-28,243,P006,Wireless Mouse,30
2026-07-28,244,P006,Wireless Mouse,30
2026-07-28,245,P003,Bluetooth Speaker,50
2026-07-28,246,P002,Laptop Backpack,60
2026-07-28,247,P006,Wireless Mouse,30
2026-07-28,248,P009,Smartphone,600
2026-07-28,249,P001,Wireless Headphones,100
2026-07-28,250,P004,USB Flash Drive,20
2026-07-28,251,P009,Smartphone,600
2026-07-28,252,P001,Wireless Headphones,100
2026-07-28,253,P008,HDMI Cable,15
2026-07-28,254,P008,HDMI Cable,15
2026-07-28,255,P002,Laptop Backpack,60
2026-07-28,256,P008,HDMI Cable,15
2026-07-28,257,P002,Laptop Backpack,60
2026-07-28,258,P008,HDMI Cable,15
2026-07-28,259,P003,Bluetooth Speaker,50
2026-07-28,260,P007,Laptop Stand,40
2026-07-28,261,P003,Bluetooth Speaker,50
2026-07-28,262,P001,Wireless Headphones,100
2026-07-28,263,P002,Laptop Backpack,60
2026-07-28,264,P008,HDMI Cable,15
2026-07-28,265,P010,External Hard Drive,100
2026-07-28,266,P008,HDMI Cable,15
2026-07-28,267,P003,Bluetooth Speaker,50
2026-07-28,268,P003,Bluetooth Speaker,50
2026-07-28,269,P001,Wireless Headphones,100
2026-07-28,270,P001,Wireless Headphones,100
2026-07-28,271,P001,Wireless Headphones,100
2026-07-28,272,P001,Wireless Headphones,100
2026-07-28,273,P006,Wireless Mouse,30
2026-07-28,274,P001,Wireless Headphones,100
2026-07-28,275,P003,Bluetooth Speaker,50
2026-07-28,276,P010,External Hard Drive,100
2026-07-28,277,P001,Wireless Headphones,100
2026-07-28,278,P004,USB Flash Drive,20
2026-07-28,279,P003,Bluetooth Speaker,50
2026-07-28,280,P004,USB Flash Drive,20
2026-07-28,281,P002,Laptop Backpack,60
2026-07-28,282,P003,Bluetooth Speaker,50
2026-07-28,283,P008,HDMI Cable,15
2026-07-28,284,P001,Wireless Headphones,100
2026-07-28,285,P004,USB Flash Drive,20
2026-07-28,286,P007,Laptop Stand,40
2026-07-28,287,P010,External Hard Drive,100
2026-07-28,288,P007,Laptop Stand,40
2026-07-28,289,P001,Wireless Headphones,100
2026-07-28,290,P001,Wireless Headphones,100
2026-07-28,291,P001,Wireless Headphones,100
2026-07-28,292,P003,Bluetooth Speaker,50
2026-07-28,293,P004,USB Flash Drive,20
2026-07-28,294,P010,External Hard Drive,100
2026-07-28,295,P003,Bluetooth Speaker,50
2026-07-28,296,P001,Wireless Headphones,100
2026-07-28,297,P003,Bluetooth Speaker,50
2026-07-28,298,P003,Bluetooth Speaker,50
2026-07-28,299,P001,Wireless Headphones,100
2026-07-28,300,P008,HDMI Cable,15
2026-07-28,301,P009,Smartphone,600
2026-07-28,302,P006,Wireless Mouse,30
2026-07-28,303,P007,Laptop Stand,40
2026-07-28,304,P008,HDMI Cable,15
2026-07-28,305,P010,External Hard Drive,100
2026-07-28,306,P009,Smartphone,600
2026-07-28,307,P003,Bluetooth Speaker,50
2026-07-28,308,P009,Smartphone,600
2026-07-28,309,P004,USB Flash Drive,20
2026-07-28,310,P006,Wireless Mouse,30
2026-07-28,311,P003,Bluetooth Speaker,50
2026-07-28,312,P007,Laptop Stand,40
2026-07-28,313,P001,Wireless Headphones,100
2026-07-28,314,P003,Bluetooth Speaker,50
2026-07-28,315,P003,Bluetooth Speaker,50
2026-07-28,316,P002,Laptop Backpack,60
2026-07-28,317,P001,Wireless Headphones,100
2026-07-28,318,P008,HDMI Cable,15
2026-07-28,319,P003,Bluetooth Speaker,50
2026-07-28,320,P006,Wireless Mouse,30
2026-07-28,321,P002,Laptop Backpack,60
2026-07-28,322,P003,Bluetooth Speaker,50
2026-07-28,323,P002,Laptop Backpack,60
2026-07-28,324,P001,Wireless Headphones,100
2026-07-28,325,P010,External Hard Drive,100
2026-07-28,326,P003,Bluetooth Speaker,50
2026-07-28,327,P002,Laptop Backpack,60
2026-07-28,328,P008,HDMI Cable,15
2026-07-28,329,P006,Wireless Mouse,30
2026-07-28,330,P004,USB Flash Drive,20
2026-07-28,331,P001,Wireless Headphones,100
2026-07-28,332,P001,Wireless Headphones,100
2026-07-28,333,P008,HDMI Cable,15
2026-07-28,334,P009,Smartphone,600
2026-07-28,335,P006,Wireless Mouse,30
2026-07-28,336,P006,Wireless Mouse,30
2026-07-28,337,P010,External Hard Drive,100
2026-07-28,338,P007,Laptop Stand,40
2026-07-28,339,P004,USB Flash Drive,20
2026-07-28,340,P008,HDMI Cable,15
2026-07-28,341,P010,External Hard Drive,100
2026-07-28,342,P002,Laptop Backpack,60
2026-07-28,343,P010,External Hard Drive,100
2026-07-28,344,P007,Laptop Stand,40
2026-07-28,345,P010,External Hard Drive,100
2026-07-28,346,P003,Bluetooth Speaker,50
2026-07-28,347,P002,Laptop Backpack,60
2026-07-28,348,P005,Mobile Phone Case,15
2026-07-28,349,P010,External Hard Drive,100
2026-07-28,350,P001,Wireless Headphones,100
2026-07-28,351,P006,Wireless Mouse,30
2026-07-28,352,P001,Wireless Headphones,100
2026-07-28,353,P008,HDMI Cable,15
2026-07-28,354,P001,Wireless Headphones,100
2026-07-28,355,P006,Wireless Mouse,30
2026-07-28,356,P008,HDMI Cable,15
2026-07-28,357,P006,Wireless Mouse,30
2026-07-28,358,P002,Laptop Backpack,60
2026-07-28,359,P008,HDMI Cable,15
2026-07-28,360,P002,Laptop Backpack,60
2026-07-28,361,P008,HDMI Cable,15
2026-07-28,362,P006,Wireless Mouse,30
2026-07-28,363,P004,USB Flash Drive,20
2026-07-28,364,P008,HDMI Cable,15
2026-07-28,365,P004,USB Flash Drive,20
2026-07-28,366,P006,Wireless Mouse,30
2026-07-28,367,P001,Wireless Headphones,100
2026-07-28,368,P006,Wireless Mouse,30
2026-07-28,369,P004,USB Flash Drive,20
2026-07-28,370,P001,Wireless Headphones,100
2026-07-28,371,P004,USB Flash Drive,20
2026-07-28,372,P008,HDMI Cable,15
2026-07-28,373,P005,Mobile Phone Case,15
2026-07-28,374,P002,Laptop Backpack,60
2026-07-28,375,P009,Smartphone,600
2026-07-28,376,P010,External Hard Drive,100
2026-07-28,377,P004,USB Flash Drive,20
2026-07-28,378,P004,USB Flash Drive,20
2026-07-28,379,P001,Wireless Headphones,100
2026-07-28,380,P006,Wireless Mouse,30
2026-07-28,381,P005,Mobile Phone Case,15
2026-07-28,382,P001,Wireless Headphones,100
2026-07-28,383,P006,Wireless Mouse,30
2026-07-28,384,P003,Bluetooth Speaker,50
2026-07-28,385,P008,HDMI Cable,15
2026-07-28,386,P001,Wireless Headphones,100
2026-07-28,387,P006,Wireless Mouse,30
2026-07-28,388,P003,Bluetooth Speaker,50
2026-07-28,389,P001,Wireless Headphones,100
2026-07-28,390,P002,Laptop Backpack,60
2026-07-28,391,P007,Laptop Stand,40
2026-07-28,392,P006,Wireless Mouse,30
2026-07-28,393,P009,Smartphone,600
2026-07-28,394,P001,Wireless Headphones,100
2026-07-28,395,P007,Laptop Stand,40
2026-07-28,396,P004,USB Flash Drive,20
2026-07-28,397,P004,USB Flash Drive,20
2026-07-28,398,P001,Wireless Headphones,100
2026-07-28,399,P008,HDMI Cable,15
2026-07-28,400,P006,Wireless Mouse,30
2026-07-28,401,P003,Bluetooth Speaker,50
2026-07-28,402,P004,USB Flash Drive,20
2026-07-28,403,P010,External Hard Drive,100
2026-07-28,404,P002,Laptop Backpack,60
2026-07-28,405,P001,Wireless Headphones,100
2026-07-28,406,P008,HDMI Cable,15
2026-07-28,407,P010,External Hard Drive,100
2026-07-28,408,P004,USB Flash Drive,20
2026-07-28,409,P001,Wireless Headphones,100
2026-07-28,410,P004,USB Flash Drive,20
2026-07-28,411,P006,Wireless Mouse,30
2026-07-28,412,P002,Laptop Backpack,60
2026-07-28,413,P007,Laptop Stand,40
2026-07-28,414,P003,Bluetooth Speaker,50
2026-07-28,415,P003,Bluetooth Speaker,50
2026-07-28,416,P004,USB Flash Drive,20
2026-07-28,417,P004,USB Flash Drive,20
2026-07-28,418,P010,External Hard Drive,100
2026-07-28,419,P010,External Hard Drive,100
2026-07-28,420,P004,USB Flash Drive,20
2026-07-28,421,P001,Wireless Headphones,100
2026-07-28,422,P002,Laptop Backpack,60
2026-07-28,423,P001,Wireless Headphones,100
2026-07-28,424,P010,External Hard Drive,100
2026-07-28,425,P007,Laptop Stand,40
2026-07-28,426,P008,HDMI Cable,15
2026-07-28,427,P006,Wireless Mouse,30
2026-07-28,428,P005,Mobile Phone Case,15
2026-07-28,429,P003,Bluetooth Speaker,50
2026-07-28,430,P001,Wireless Headphones,100
2026-07-28,431,P001,Wireless Headphones,100
2026-07-28,432,P009,Smartphone,600
2026-07-28,433,P005,Mobile Phone Case,15
2026-07-28,434,P006,Wireless Mouse,30
2026-07-28,435,P001,Wireless Headphones,100
2026-07-28,436,P001,Wireless Headphones,100
2026-07-28,437,P001,Wireless Headphones,100
2026-07-28,438,P003,Bluetooth Speaker,50
2026-07-28,439,P001,Wireless Headphones,100
2026-07-28,440,P004,USB Flash Drive,20
2026-07-28,441,P003,Bluetooth Speaker,50
2026-07-28,442,P004,USB Flash Drive,20
2026-07-28,443,P001,Wireless Headphones,100
2026-07-28,444,P002,Laptop Backpack,60
2026-07-28,445,P003,Bluetooth Speaker,50
2026-07-28,446,P006,Wireless Mouse,30
2026-07-28,447,P003,Bluetooth Speaker,50
2026-07-28,448,P001,Wireless Headphones,100
2026-07-28,449,P004,USB Flash Drive,20
2026-07-28,450,P001,Wireless Headphones,100
2026-07-28,451,P006,Wireless Mouse,30
2026-07-28,452,P003,Bluetooth Speaker,50
2026-07-28,453,P003,Bluetooth Speaker,50
2026-07-28,454,P001,Wireless Headphones,100
2026-07-28,455,P001,Wireless Headphones,100
2026-07-28,456,P001,Wireless Headphones,100
2026-07-28,457,P004,USB Flash Drive,20
2026-07-28,458,P008,HDMI Cable,15
2026-07-28,459,P001,Wireless Headphones,100
2026-07-28,460,P003,Bluetooth Speaker,50
2026-07-28,461,P009,Smartphone,600
2026-07-28,462,P006,Wireless Mouse,30
2026-07-28,463,P010,External Hard Drive,100
2026-07-28,464,P010,External Hard Drive,100
2026-07-28,465,P004,USB Flash Drive,20
2026-07-28,466,P006,Wireless Mouse,30
2026-07-28,467,P006,Wireless Mouse,30
2026-07-28,468,P001,Wireless Headphones,100
2026-07-28,469,P004,USB Flash Drive,20
2026-07-28,470,P008,HDMI Cable,15
2026-07-28,471,P001,Wireless Headphones,100
2026-07-28,472,P006,Wireless Mouse,30
2026-07-28,473,P006,Wireless Mouse,30
2026-07-28,474,P008,HDMI Cable,15
2026-07-28,475,P001,Wireless Headphones,100
2026-07-28,476,P001,Wireless Headphones,100
2026-07-28,477,P002,Laptop Backpack,60
2026-07-28,478,P001,Wireless Headphones,100
2026-07-28,479,P001,Wireless Headphones,100
2026-07-28,480,P008,HDMI Cable,15
2026-07-28,481,P010,External Hard Drive,100
2026-07-28,482,P001,Wireless Headphones,100
2026-07-28,483,P008,HDMI Cable,15
2026-07-28,484,P010,External Hard Drive,100
2026-07-28,485,P010,External Hard Drive,100
2026-07-28,486,P005,Mobile Phone Case,15
2026-07-28,487,P008,HDMI Cable,15
2026-07-28,488,P004,USB Flash Drive,20
2026-07-28,489,P003,Bluetooth Speaker,50
2026-07-28,490,P004,USB Flash Drive,20
2026-07-28,491,P005,Mobile Phone Case,15
2026-07-28,492,P004,USB Flash Drive,20
2026-07-28,493,P009,Smartphone,600
2026-07-28,494,P006,Wireless Mouse,30
2026-07-28,495,P007,Laptop Stand,40
2026-07-28,496,P009,Smartphone,600
2026-07-28,497,P004,USB Flash Drive,20
2026-07-28,498,P006,Wireless Mouse,30
2026-07-28,499,P001,Wireless Headphones,100
2026-07-28,500,P001,Wireless Headphones,100
2026-07-28,501,P006,Wireless Mouse,30
2026-07-28,502,P002,Laptop Backpack,60
2026-07-28,503,P004,USB Flash Drive,20
2026-07-28,504,P001,Wireless Headphones,100
2026-07-28,505,P004,USB Flash Drive,20
2026-07-28,506,P010,External Hard Drive,100
2026-07-28,507,P003,Bluetooth Speaker,50
2026-07-28,508,P001,Wireless Headphones,100
2026-07-28,509,P006,Wireless Mouse,30
2026-07-28,510,P004,USB Flash Drive,20
2026-07-28,511,P009,Smartphone,600
2026-07-28,512,P004,USB Flash Drive,20
2026-07-28,513,P006,Wireless Mouse,30
2026-07-28,514,P010,External Hard Drive,100
2026-07-28,515,P001,Wireless Headphones,100
2026-07-28,516,P006,Wireless Mouse,30
2026-07-28,517,P010,External Hard Drive,100
2026-07-28,518,P006,Wireless Mouse,30
2026-07-28,519,P006,Wireless Mouse,30
2026-07-28,520,P001,Wireless Headphones,100
2026-07-28,521,P001,Wireless Headphones,100
2026-07-28,522,P003,Bluetooth Speaker,50
2026-07-28,523,P002,Laptop Backpack,60
2026-07-28,524,P001,Wireless Headphones,100
2026-07-28,525,P003,Bluetooth Speaker,50
2026-07-28,526,P003,Bluetooth Speaker,50
2026-07-28,527,P006,Wireless Mouse,30
2026-07-28,528,P001,Wireless Headphones,100
2026-07-28,529,P006,Wireless Mouse,30
2026-07-28,530,P008,HDMI Cable,15
2026-07-28,531,P010,External Hard Drive,100
2026-07-28,532,P004,USB Flash Drive,20
2026-07-28,533,P003,Bluetooth Speaker,50
2026-07-28,534,P001,Wireless Headphones,100
2026-07-28,535,P008,HDMI Cable,15
2026-07-28,536,P004,USB Flash Drive,20
2026-07-28,537,P006,Wireless Mouse,30
2026-07-28,538,P001,Wireless Headphones,100
2026-07-28,539,P003,Bluetooth Speaker,50
2026-07-28,540,P002,Laptop Backpack,60
2026-07-28,541,P001,Wireless Headphones,100
2026-07-28,542,P010,External Hard Drive,100
2026-07-28,543,P002,Laptop Backpack,60
2026-07-28,544,P006,Wireless Mouse,30
2026-07-28,545,P002,Laptop Backpack,60
2026-07-28,546,P008,HDMI Cable,15
2026-07-28,547,P002,Laptop Backpack,60
2026-07-28,548,P001,Wireless Headphones,100
2026-07-28,549,P003,Bluetooth Speaker,50
2026-07-28,550,P005,Mobile Phone Case,15
2026-07-28,551,P002,Laptop Backpack,60
2026-07-28,552,P002,Laptop Backpack,60
2026-07-28,553,P006,Wireless Mouse,30
2026-07-28,554,P007,Laptop Stand,40
2026-07-28,555,P001,Wireless Headphones,100
2026-07-28,556,P004,USB Flash Drive,20
2026-07-28,557,P010,External Hard Drive,100
2026-07-28,558,P006,Wireless Mouse,30
2026-07-28,559,P005,Mobile Phone Case,15
2026-07-28,560,P002,Laptop Backpack,60
2026-07-28,561,P004,USB Flash Drive,20
2026-07-28,562,P007,Laptop Stand,40
2026-07-28,563,P006,Wireless Mouse,30
2026-07-28,564,P001,Wireless Headphones,100
2026-07-28,565,P010,External Hard Drive,100
2026-07-28,566,P001,Wireless Headphones,100
2026-07-28,567,P002,Laptop Backpack,60
2026-07-28,568,P008,HDMI Cable,15
2026-07-28,569,P006,Wireless Mouse,30
2026-07-28,570,P001,Wireless Headphones,100
2026-07-28,571,P006,Wireless Mouse,30
2026-07-28,572,P004,USB Flash Drive,20
2026-07-28,573,P010,External Hard Drive,100
2026-07-28,574,P010,External Hard Drive,100
2026-07-28,575,P008,HDMI Cable,15
2026-07-28,576,P008,HDMI Cable,15
2026-07-28,577,P007,Laptop Stand,40
2026-07-28,578,P004,USB Flash Drive,20
2026-07-28,579,P007,Laptop Stand,40
2026-07-28,580,P001,Wireless Headphones,100
2026-07-28,581,P006,Wireless Mouse,30
2026-07-28,582,P004,USB Flash Drive,20
2026-07-28,583,P010,External Hard Drive,100
2026-07-28,584,P010,External Hard Drive,100
2026-07-28,585,P007,Laptop Stand,40
2026-07-28,586,P001,Wireless Headphones,100
2026-07-28,587,P007,Laptop Stand,40
2026-07-28,588,P004,USB Flash Drive,20
2026-07-28,589,P006,Wireless Mouse,30
2026-07-28,590,P006,Wireless Mouse,30
2026-07-28,591,P003,Bluetooth Speaker,50
2026-07-28,592,P006,Wireless Mouse,30
2026-07-28,593,P001,Wireless Headphones,100
2026-07-28,594,P001,Wireless Headphones,100
2026-07-28,595,P006,Wireless Mouse,30
2026-07-28,596,P010,External Hard Drive,100
2026-07-28,597,P006,Wireless Mouse,30
2026-07-28,598,P008,HDMI Cable,15
2026-07-28,599,P008,HDMI Cable,15
2026-07-28,600,P006,Wireless Mouse,30
2026-07-28,601,P005,Mobile Phone Case,15
2026-07-28,602,P002,Laptop Backpack,60
2026-07-28,603,P004,USB Flash Drive,20
2026-07-28,604,P009,Smartphone,600
2026-07-28,605,P010,External Hard Drive,100
2026-07-28,606,P010,External Hard Drive,100
2026-07-28,607,P002,Laptop Backpack,60
2026-07-28,608,P001,Wireless Headphones,100
2026-07-28,609,P001,Wireless Headphones,100
2026-07-28,610,P006,Wireless Mouse,30
2026-07-28,611,P001,Wireless Headphones,100
2026-07-28,612,P007,Laptop Stand,40
2026-07-28,613,P003,Bluetooth Speaker,50
2026-07-28,614,P001,Wireless Headphones,100
2026-07-28,615,P010,External Hard Drive,100
2026-07-28,616,P010,External Hard Drive,100
2026-07-28,617,P001,Wireless Headphones,100
2026-07-28,618,P004,USB Flash Drive,20
2026-07-28,619,P006,Wireless Mouse,30
2026-07-28,620,P008,HDMI Cable,15
2026-07-28,621,P001,Wireless Headphones,100
2026-07-28,622,P010,External Hard Drive,100
2026-07-28,623,P009,Smartphone,600
2026-07-28,624,P004,USB Flash Drive,20
2026-07-28,625,P003,Bluetooth Speaker,50
2026-07-28,626,P002,Laptop Backpack,60
2026-07-28,627,P003,Bluetooth Speaker,50
2026-07-28,628,P010,External Hard Drive,100
2026-07-28,629,P004,USB Flash Drive,20
2026-07-28,630,P002,Laptop Backpack,60
2026-07-28,631,P003,Bluetooth Speaker,50
2026-07-28,632,P009,Smartphone,600
2026-07-28,633,P010,External Hard Drive,100
2026-07-28,634,P006,Wireless Mouse,30
2026-07-28,635,P008,HDMI Cable,15
2026-07-28,636,P003,Bluetooth Speaker,50
2026-07-28,637,P002,Laptop Backpack,60
2026-07-28,638,P004,USB Flash Drive,20
2026-07-28,639,P002,Laptop Backpack,60
2026-07-28,640,P001,Wireless Headphones,100
2026-07-28,641,P007,Laptop Stand,40
2026-07-28,642,P006,Wireless Mouse,30
2026-07-28,643,P002,Laptop Backpack,60
2026-07-28,644,P008,HDMI Cable,15
2026-07-28,645,P008,HDMI Cable,15
2026-07-28,646,P008,HDMI Cable,15
2026-07-28,647,P008,HDMI Cable,15
2026-07-28,648,P008,HDMI Cable,15
2026-07-28,649,P002,Laptop Backpack,60
2026-07-28,650,P010,External Hard Drive,100
2026-07-28,651,P004,USB Flash Drive,20
2026-07-28,652,P002,Laptop Backpack,60
2026-07-28,653,P010,External Hard Drive,100
2026-07-28,654,P006,Wireless Mouse,30
2026-07-28,655,P001,Wireless Headphones,100
2026-07-28,656,P010,External Hard Drive,100
2026-07-28,657,P009,Smartphone,600
2026-07-28,658,P001,Wireless Headphones,100
2026-07-28,659,P010,External Hard Drive,100
2026-07-28,660,P004,USB Flash Drive,20
2026-07-28,661,P006,Wireless Mouse,30
2026-07-28,662,P004,USB Flash Drive,20
2026-07-28,663,P004,USB Flash Drive,20
2026-07-28,664,P001,Wireless Headphones,100
2026-07-28,665,P004,USB Flash Drive,20
2026-07-28,666,P004,USB Flash Drive,20
2026-07-28,667,P004,USB Flash Drive,20
2026-07-28,668,P004,USB Flash Drive,20
2026-07-28,669,P005,Mobile Phone Case,15
2026-07-28,670,P003,Bluetooth Speaker,50
2026-07-28,671,P007,Laptop Stand,40
2026-07-28,672,P001,Wireless Headphones,100
2026-07-28,673,P004,USB Flash Drive,20
2026-07-28,674,P006,Wireless Mouse,30
2026-07-28,675,P010,External Hard Drive,100
2026-07-28,676,P003,Bluetooth Speaker,50
2026-07-28,677,P001,Wireless Headphones,100
2026-07-28,678,P008,HDMI Cable,15
2026-07-28,679,P008,HDMI Cable,15
2026-07-28,680,P001,Wireless Headphones,100
2026-07-28,681,P008,HDMI Cable,15
2026-07-28,682,P007,Laptop Stand,40
2026-07-28,683,P002,Laptop Backpack,60
2026-07-28,684,P010,External Hard Drive,100
2026-07-28,685,P001,Wireless Headphones,100
2026-07-28,686,P006,Wireless Mouse,30
2026-07-28,687,P010,External Hard Drive,100
2026-07-28,688,P005,Mobile Phone Case,15
2026-07-28,689,P004,USB Flash Drive,20
2026-07-28,690,P002,Laptop Backpack,60
2026-07-28,691,P004,USB Flash Drive,20
2026-07-28,692,P002,Laptop Backpack,60
2026-07-28,693,P002,Laptop Backpack,60
2026-07-28,694,P010,External Hard Drive,100
2026-07-28,695,P007,Laptop Stand,40
2026-07-28,696,P008,HDMI Cable,15
2026-07-28,697,P001,Wireless Headphones,100
2026-07-28,698,P009,Smartphone,600
2026-07-28,699,P001,Wireless Headphones,100
2026-07-28,700,P008,HDMI Cable,15
2026-07-28,701,P006,Wireless Mouse,30
2026-07-28,702,P004,USB Flash Drive,20
2026-07-28,703,P001,Wireless Headphones,100
2026-07-28,704,P001,Wireless Headphones,100
2026-07-28,705,P006,Wireless Mouse,30
2026-07-28,706,P001,Wireless Headphones,100
2026-07-28,707,P006,Wireless Mouse,30
2026-07-28,708,P004,USB Flash Drive,20
2026-07-28,709,P009,Smartphone,600
2026-07-28,710,P004,USB Flash Drive,20
2026-07-28,711,P001,Wireless Headphones,100
2026-07-28,712,P010,External Hard Drive,100
2026-07-28,713,P006,Wireless Mouse,30
2026-07-28,714,P010,External Hard Drive,100
2026-07-28,715,P008,HDMI Cable,15
2026-07-28,716,P004,USB Flash Drive,20
2026-07-28,717,P001,Wireless Headphones,100
2026-07-28,718,P007,Laptop Stand,40
2026-07-28,719,P001,Wireless Headphones,100
2026-07-28,720,P004,USB Flash Drive,20
2026-07-28,721,P009,Smartphone,600
2026-07-28,722,P004,USB Flash Drive,20
2026-07-28,723,P001,Wireless Headphones,100
2026-07-28,724,P008,HDMI Cable,15
2026-07-28,725,P001,Wireless Headphones,100
2026-07-28,726,P008,HDMI Cable,15
2026-07-28,727,P004,USB Flash Drive,20
2026-07-28,728,P010,External Hard Drive,100
2026-07-28,729,P007,Laptop Stand,40
2026-07-28,730,P005,Mobile Phone Case,15
2026-07-28,731,P010,External Hard Drive,100
2026-07-28,732,P006,Wireless Mouse,30
2026-07-28,733,P002,Laptop Backpack,60
2026-07-28,734,P001,Wireless Headphones,100
2026-07-28,735,P004,USB Flash Drive,20
2026-07-28,736,P006,Wireless Mouse,30
2026-07-28,737,P002,Laptop Backpack,60
2026-07-28,738,P010,External Hard Drive,100
2026-07-28,739,P008,HDMI Cable,15
2026-07-28,740,P006,Wireless Mouse,30
2026-07-28,741,P010,External Hard Drive,100
2026-07-28,742,P008,HDMI Cable,15
2026-07-28,743,P006,Wireless Mouse,30
2026-07-28,744,P004,USB Flash Drive,20
2026-07-28,745,P004,USB Flash Drive,20
2026-07-28,746,P006,Wireless Mouse,30
2026-07-28,747,P001,Wireless Headphones,100
2026-07-28,748,P010,External Hard Drive,100
2026-07-28,749,P005,Mobile Phone Case,15
2026-07-28,750,P002,Laptop Backpack,60
2026-07-28,751,P004,USB Flash Drive,20
2026-07-28,752,P004,USB Flash Drive,20
2026-07-28,753,P001,Wireless Headphones,100
2026-07-28,754,P001,Wireless Headphones,100
2026-07-28,755,P003,Bluetooth Speaker,50
2026-07-28,756,P010,External Hard Drive,100
2026-07-28,757,P001,Wireless Headphones,100
2026-07-28,758,P003,Bluetooth Speaker,50
2026-07-28,759,P005,Mobile Phone Case,15
2026-07-28,760,P006,Wireless Mouse,30
2026-07-28,761,P008,HDMI Cable,15
2026-07-28,762,P008,HDMI Cable,15
2026-07-28,763,P002,Laptop Backpack,60
2026-07-28,764,P002,Laptop Backpack,60
2026-07-28,765,P004,USB Flash Drive,20
2026-07-28,766,P008,HDMI Cable,15
2026-07-28,767,P004,USB Flash Drive,20
2026-07-28,768,P003,Bluetooth Speaker,50
2026-07-28,769,P002,Laptop Backpack,60
2026-07-28,770,P005,Mobile Phone Case,15
2026-07-28,771,P001,Wireless Headphones,100
2026-07-28,772,P001,Wireless Headphones,100
2026-07-28,773,P008,HDMI Cable,15
2026-07-28,774,P006,Wireless Mouse,30
2026-07-28,775,P008,HDMI Cable,15
2026-07-28,776,P002,Laptop Backpack,60
2026-07-28,777,P005,Mobile Phone Case,15
2026-07-28,778,P008,HDMI Cable,15
2026-07-28,779,P002,Laptop Backpack,60
2026-07-28,780,P005,Mobile Phone Case,15
2026-07-28,781,P007,Laptop Stand,40
2026-07-28,782,P002,Laptop Backpack,60
2026-07-28,783,P010,External Hard Drive,100
2026-07-28,784,P008,HDMI Cable,15
2026-07-28,785,P008,HDMI Cable,15
2026-07-28,786,P001,Wireless Headphones,100
2026-07-28,787,P006,Wireless Mouse,30
2026-07-28,788,P006,Wireless Mouse,30
2026-07-28,789,P010,External Hard Drive,100
2026-07-28,790,P001,Wireless Headphones,100
2026-07-28,791,P003,Bluetooth Speaker,50
2026-07-28,792,P009,Smartphone,600
2026-07-28,793,P009,Smartphone,600
2026-07-28,794,P009,Smartphone,600
2026-07-28,795,P001,Wireless Headphones,100
2026-07-28,796,P004,USB Flash Drive,20
2026-07-28,797,P008,HDMI Cable,15
2026-07-28,798,P010,External Hard Drive,100
2026-07-28,799,P009,Smartphone,600
2026-07-28,800,P008,HDMI Cable,15
2026-07-28,801,P010,External Hard Drive,100
2026-07-28,802,P004,USB Flash Drive,20
2026-07-28,803,P010,External Hard Drive,100
2026-07-28,804,P002,Laptop Backpack,60
2026-07-28,805,P005,Mobile Phone Case,15
2026-07-28,806,P008,HDMI Cable,15
2026-07-28,807,P009,Smartphone,600
2026-07-28,808,P004,USB Flash Drive,20
2026-07-28,809,P008,HDMI Cable,15
2026-07-28,810,P004,USB Flash Drive,20
2026-07-28,811,P006,Wireless Mouse,30
2026-07-28,812,P002,Laptop Backpack,60
2026-07-28,813,P008,HDMI Cable,15
2026-07-28,814,P001,Wireless Headphones,100
2026-07-28,815,P008,HDMI Cable,15
2026-07-28,816,P007,Laptop Stand,40
2026-07-28,817,P004,USB Flash Drive,20
2026-07-28,818,P008,HDMI Cable,15
2026-07-28,819,P001,Wireless Headphones,100
2026-07-28,820,P006,Wireless Mouse,30
2026-07-28,821,P003,Bluetooth Speaker,50
2026-07-28,822,P004,USB Flash Drive,20
2026-07-28,823,P006,Wireless Mouse,30
2026-07-28,824,P004,USB Flash Drive,20
2026-07-28,825,P008,HDMI Cable,15
2026-07-28,826,P006,Wireless Mouse,30
2026-07-28,827,P006,Wireless Mouse,30
2026-07-28,828,P010,External Hard Drive,100
2026-07-28,829,P004,USB Flash Drive,20
2026-07-28,830,P006,Wireless Mouse,30
2026-07-28,831,P006,Wireless Mouse,30
2026-07-28,832,P006,Wireless Mouse,30
2026-07-28,833,P002,Laptop Backpack,60
2026-07-28,834,P009,Smartphone,600
2026-07-28,835,P001,Wireless Headphones,100
2026-07-28,836,P010,External Hard Drive,100
2026-07-28,837,P005,Mobile Phone Case,15
2026-07-28,838,P010,External Hard Drive,100
2026-07-28,839,P001,Wireless Headphones,100
2026-07-28,840,P001,Wireless Headphones,100
2026-07-28,841,P007,Laptop Stand,40
2026-07-28,842,P001,Wireless Headphones,100
2026-07-28,843,P001,Wireless Headphones,100
2026-07-28,844,P006,Wireless Mouse,30
2026-07-28,845,P010,External Hard Drive,100
2026-07-28,846,P006,Wireless Mouse,30
2026-07-28,847,P006,Wireless Mouse,30
2026-07-28,848,P001,Wireless Headphones,100
2026-07-28,849,P002,Laptop Backpack,60
2026-07-28,850,P006,Wireless Mouse,30
2026-07-28,851,P006,Wireless Mouse,30
2026-07-28,852,P002,Laptop Backpack,60
2026-07-28,853,P010,External Hard Drive,100
2026-07-28,854,P008,HDMI Cable,15
2026-07-28,855,P001,Wireless Headphones,100
2026-07-28,856,P002,Laptop Backpack,60
2026-07-28,857,P010,External Hard Drive,100
2026-07-28,858,P004,USB Flash Drive,20
2026-07-28,859,P005,Mobile Phone Case,15
2026-07-28,860,P001,Wireless Headphones,100
2026-07-28,861,P004,USB Flash Drive,20
2026-07-28,862,P008,HDMI Cable,15
2026-07-28,863,P009,Smartphone,600
2026-07-28,864,P009,Smartphone,600
2026-07-28,865,P004,USB Flash Drive,20
2026-07-28,866,P002,Laptop Backpack,60
2026-07-28,867,P007,Laptop Stand,40
2026-07-28,868,P008,HDMI Cable,15
2026-07-28,869,P010,External Hard Drive,100
2026-07-28,870,P006,Wireless Mouse,30
2026-07-28,871,P010,External Hard Drive,100
2026-07-28,872,P001,Wireless Headphones,100
2026-07-28,873,P001,Wireless Headphones,100
2026-07-28,874,P002,Laptop Backpack,60
2026-07-28,875,P007,Laptop Stand,40
2026-07-28,876,P002,Laptop Backpack,60
2026-07-28,877,P006,Wireless Mouse,30
2026-07-28,878,P006,Wireless Mouse,30
2026-07-28,879,P005,Mobile Phone Case,15
2026-07-28,880,P004,USB Flash Drive,20
2026-07-28,881,P010,External Hard Drive,100
2026-07-28,882,P007,Laptop Stand,40
2026-07-28,883,P005,Mobile Phone Case,15
2026-07-28,884,P002,Laptop Backpack,60
2026-07-28,885,P010,External Hard Drive,100
2026-07-28,886,P004,USB Flash Drive,20
2026-07-28,887,P004,USB Flash Drive,20
2026-07-28,888,P001,Wireless Headphones,100
2026-07-28,889,P005,Mobile Phone Case,15
2026-07-28,890,P004,USB Flash Drive,20
2026-07-28,891,P004,USB Flash Drive,20
2026-07-28,892,P010,External Hard Drive,100
2026-07-28,893,P004,USB Flash Drive,20
2026-07-28,894,P009,Smartphone,600
2026-07-28,895,P005,Mobile Phone Case,15
2026-07-28,896,P009,Smartphone,600
2026-07-28,897,P007,Laptop Stand,40
2026-07-28,898,P005,Mobile Phone Case,15
2026-07-28,899,P004,USB Flash Drive,20
2026-07-28,900,P003,Bluetooth Speaker,50
2026-07-28,901,P001,Wireless Headphones,100
2026-07-28,902,P003,Bluetooth Speaker,50
2026-07-28,903,P001,Wireless Headphones,100
2026-07-28,904,P001,Wireless Headphones,100
2026-07-28,905,P004,USB Flash Drive,20
2026-07-28,906,P006,Wireless Mouse,30
2026-07-28,907,P003,Bluetooth Speaker,50
2026-07-28,908,P002,Laptop Backpack,60
2026-07-28,909,P001,Wireless Headphones,100
2026-07-28,910,P003,Bluetooth Speaker,50
2026-07-28,911,P008,HDMI Cable,15
2026-07-28,912,P010,External Hard Drive,100
2026-07-28,913,P004,USB Flash Drive,20
2026-07-28,914,P008,HDMI Cable,15
2026-07-28,915,P002,Laptop Backpack,60
2026-07-28,916,P006,Wireless Mouse,30
2026-07-28,917,P006,Wireless Mouse,30
2026-07-28,918,P002,Laptop Backpack,60
2026-07-28,919,P010,External Hard Drive,100
2026-07-28,920,P008,HDMI Cable,15
2026-07-28,921,P009,Smartphone,600
2026-07-28,922,P008,HDMI Cable,15
2026-07-28,923,P005,Mobile Phone Case,15
2026-07-28,924,P004,USB Flash Drive,20
2026-07-28,925,P001,Wireless Headphones,100
2026-07-28,926,P002,Laptop Backpack,60
2026-07-28,927,P002,Laptop Backpack,60
2026-07-28,928,P004,USB Flash Drive,20
2026-07-28,929,P004,USB Flash Drive,20
2026-07-28,930,P002,Laptop Backpack,60
2026-07-28,931,P006,Wireless Mouse,30
2026-07-28,932,P004,USB Flash Drive,20
2026-07-28,933,P010,External Hard Drive,100
2026-07-28,934,P006,Wireless Mouse,30
2026-07-28,935,P003,Bluetooth Speaker,50
2026-07-28,936,P001,Wireless Headphones,100
2026-07-28,937,P010,External Hard Drive,100
2026-07-28,938,P009,Smartphone,600
2026-07-28,939,P001,Wireless Headphones,100
2026-07-28,940,P010,External Hard Drive,100
2026-07-28,941,P001,Wireless Headphones,100
2026-07-28,942,P001,Wireless Headphones,100
2026-07-28,943,P001,Wireless Headphones,100
2026-07-28,944,P004,USB Flash Drive,20
2026-07-28,945,P004,USB Flash Drive,20
2026-07-28,946,P010,External Hard Drive,100
2026-07-28,947,P006,Wireless Mouse,30
2026-07-28,948,P004,USB Flash Drive,20
2026-07-28,949,P008,HDMI Cable,15
2026-07-28,950,P003,Bluetooth Speaker,50
2026-07-28,951,P004,USB Flash Drive,20
2026-07-28,952,P008,HDMI Cable,15
2026-07-28,953,P005,Mobile Phone Case,15
2026-07-28,954,P006,Wireless Mouse,30
2026-07-28,955,P001,Wireless Headphones,100
2026-07-28,956,P006,Wireless Mouse,30
2026-07-28,957,P004,USB Flash Drive,20
2026-07-28,958,P002,Laptop Backpack,60
2026-07-28,959,P006,Wireless Mouse,30
2026-07-28,960,P003,Bluetooth Speaker,50
2026-07-28,961,P003,Bluetooth Speaker,50
2026-07-28,962,P005,Mobile Phone Case,15
2026-07-28,963,P009,Smartphone,600
2026-07-28,964,P007,Laptop Stand,40
2026-07-28,965,P004,USB Flash Drive,20
2026-07-28,966,P009,Smartphone,600
2026-07-28,967,P003,Bluetooth Speaker,50
2026-07-28,968,P008,HDMI Cable,15
2026-07-28,969,P004,USB Flash Drive,20
2026-07-28,970,P004,USB Flash Drive,20
2026-07-28,971,P001,Wireless Headphones,100
2026-07-28,972,P003,Bluetooth Speaker,50
2026-07-28,973,P001,Wireless Headphones,100
2026-07-28,974,P002,Laptop Backpack,60
2026-07-28,975,P006,Wireless Mouse,30
2026-07-28,976,P004,USB Flash Drive,20
2026-07-28,977,P003,Bluetooth Speaker,50
2026-07-28,978,P010,External Hard Drive,100
2026-07-28,979,P010,External Hard Drive,100
2026-07-28,980,P004,USB Flash Drive,20
2026-07-28,981,P008,HDMI Cable,15
2026-07-28,982,P002,Laptop Backpack,60
2026-07-28,983,P003,Bluetooth Speaker,50
2026-07-28,984,P010,External Hard Drive,100
2026-07-28,985,P002,Laptop Backpack,60
2026-07-28,986,P002,Laptop Backpack,60
2026-07-28,987,P001,Wireless Headphones,100
2026-07-28,988,P001,Wireless Headphones,100
2026-07-28,989,P006,Wireless Mouse,30
2026-07-28,990,P002,Laptop Backpack,60
2026-07-28,991,P004,USB Flash Drive,20
2026-07-28,992,P006,Wireless Mouse,30
2026-07-28,993,P001,Wireless Headphones,100
2026-07-28,994,P005,Mobile Phone Case,15
2026-07-28,995,P006,Wireless Mouse,30
2026-07-28,996,P006,Wireless Mouse,30
2026-07-28,997,P004,USB Flash Drive,20
2026-07-28,998,P001,Wireless Headphones,100
2026-07-28,999,P006,Wireless Mouse,30
2026-07-28,1000,P001,Wireless Headphones,100
